,logreg_solvlbfgs_mi100_C5,logreg_solvlbfgs_mi100_C7,logreg_solvlbfgs_mi100_C10,logreg_solvlbfgs_mi200_C5,logreg_solvlbfgs_mi200_C7,logreg_solvlbfgs_mi200_C10,logreg_solvlbfgs_mi400_C5,logreg_solvlbfgs_mi400_C7,logreg_solvlbfgs_mi400_C10,logreg_solvliblinear_mi100_C5,logreg_solvliblinear_mi100_C7,logreg_solvliblinear_mi100_C10,logreg_solvliblinear_mi200_C5,logreg_solvliblinear_mi200_C7,logreg_solvliblinear_mi200_C10,logreg_solvliblinear_mi400_C5,logreg_solvliblinear_mi400_C7,logreg_solvliblinear_mi400_C10
Accuracy,0.7679224862134721,0.7679224862134721,0.7679740246353657,0.7679224862134721,0.7679224862134721,0.7679740246353657,0.7679224862134721,0.7679224862134721,0.7679740246353657,0.7679224862134721,0.7679224862134721,0.7679740246353657,0.7679224862134721,0.7679224862134721,0.7679740246353657,0.7679224862134721,0.7679224862134721,0.7679740246353657
Precision,0.7411827101564572,0.7411827101564572,0.7412809972152234,0.7411827101564572,0.7411827101564572,0.7412809972152234,0.7411827101564572,0.7411827101564572,0.7412809972152234,0.7411827101564572,0.7411827101564572,0.7412809972152234,0.7411827101564572,0.7411827101564572,0.7412809972152234,0.7411827101564572,0.7411827101564572,0.7412809972152234
Recall,0.6866478319616754,0.6866478319616754,0.6866478319616754,0.6866478319616754,0.6866478319616754,0.6866478319616754,0.6866478319616754,0.6866478319616754,0.6866478319616754,0.6866478319616754,0.6866478319616754,0.6866478319616754,0.6866478319616754,0.6866478319616754,0.6866478319616754,0.6866478319616754,0.6866478319616754,0.6866478319616754
F1,0.7128738124083402,0.7128738124083402,0.7129192705012117,0.7128738124083402,0.7128738124083402,0.7129192705012117,0.7128738124083402,0.7128738124083402,0.7129192705012117,0.7128738124083402,0.7128738124083402,0.7129192705012117,0.7128738124083402,0.7128738124083402,0.7129192705012117,0.7128738124083402,0.7128738124083402,0.7129192705012117
