,logreg_solvlbfgs_mi100_C5,logreg_solvlbfgs_mi100_C7,logreg_solvlbfgs_mi100_C10,logreg_solvlbfgs_mi200_C5,logreg_solvlbfgs_mi200_C7,logreg_solvlbfgs_mi200_C10,logreg_solvlbfgs_mi400_C5,logreg_solvlbfgs_mi400_C7,logreg_solvlbfgs_mi400_C10,logreg_solvliblinear_mi100_C5,logreg_solvliblinear_mi100_C7,logreg_solvliblinear_mi100_C10,logreg_solvliblinear_mi200_C5,logreg_solvliblinear_mi200_C7,logreg_solvliblinear_mi200_C10,logreg_solvliblinear_mi400_C5,logreg_solvliblinear_mi400_C7,logreg_solvliblinear_mi400_C10
Accuracy,0.7572024944596196,0.7587486471164253,0.7585940318507447,0.7570478791939391,0.7588517239602124,0.7588001855383188,0.7570478791939391,0.7588001855383188,0.7588001855383188,0.7569963407720456,0.7588001855383188,0.7588001855383188,0.7569963407720456,0.7588001855383188,0.7588001855383188,0.7569963407720456,0.7588001855383188,0.7588001855383188
Precision,0.7569673359304765,0.7582089552238805,0.7584866158217437,0.7566272277969148,0.7581270504026245,0.7586309968614557,0.7566272277969148,0.7580909768829232,0.7586309968614557,0.756437125748503,0.7580909768829232,0.7584764749813293,0.756437125748503,0.7580909768829232,0.7584764749813293,0.756437125748503,0.7580909768829232,0.7584764749813293
Recall,0.6205625844490849,0.6240019653605208,0.6230192851001105,0.6205625844490849,0.6244933054907259,0.6235106252303156,0.6205625844490849,0.6243704704581746,0.6235106252303156,0.6206854194816361,0.6243704704581746,0.6237562952954182,0.6206854194816361,0.6243704704581746,0.6237562952954182,0.6206854194816361,0.6243704704581746,0.6237562952954182
F1,0.6820114748565642,0.6845899871976281,0.6841111410844348,0.6818733972195977,0.6848521586852562,0.6844660194174759,0.6818733972195977,0.6847635726795096,0.6844660194174759,0.6818703191417582,0.6847635726795096,0.6845510919385279,0.6818703191417582,0.6847635726795096,0.6845510919385279,0.6818703191417582,0.6847635726795096,0.6845510919385279
