,rf_n=100_cgini_mss2,rf_n=100_cgini_mss5,rf_n=100_cgini_mss10,rf_n=100_cgini_mss15,rf_n=100_centropy_mss2,rf_n=100_centropy_mss5,rf_n=100_centropy_mss10,rf_n=100_centropy_mss15,rf_n=200_cgini_mss2,rf_n=200_cgini_mss5,rf_n=200_cgini_mss10,rf_n=200_cgini_mss15,rf_n=200_centropy_mss2,rf_n=200_centropy_mss5,rf_n=200_centropy_mss10,rf_n=200_centropy_mss15,rf_n=300_cgini_mss2,rf_n=300_cgini_mss5,rf_n=300_cgini_mss10,rf_n=300_cgini_mss15,rf_n=300_centropy_mss2,rf_n=300_centropy_mss5,rf_n=300_centropy_mss10,rf_n=300_centropy_mss15
Accuracy,0.8372932020821523,0.8400762768644024,0.8394578158016801,0.8370870483945781,0.8384270473638097,0.8397670463330413,0.8395093542235736,0.8372932020821523,0.8371385868164717,0.8405401226614441,0.8399732000206154,0.8369839715507911,0.8376539710354068,0.8411585837241664,0.8384270473638097,0.8374478173478328,0.8376024326135134,0.8403855073957636,0.8400762768644024,0.836777817863217,0.8373447405040457,0.840127815286296,0.8395608926454672,0.8376024326135134
Precision,0.8273778244876511,0.839122240172321,0.8462386332322954,0.8471834913552705,0.8295155344918378,0.8380811609782317,0.8458786294206688,0.84765625,0.8282588638460524,0.8404154863078376,0.8483674598782512,0.8482092893116956,0.8277084701247538,0.8415935178933154,0.8452413793103448,0.8485949951069481,0.8288953335090957,0.8402590393955748,0.8484094052558783,0.8476376852110707,0.8281764318630678,0.8394180250572545,0.8469500414021529,0.8492441209406495
Recall,0.7736150350079842,0.7656307578921508,0.754452769929984,0.7463456577815993,0.7739835401056381,0.766122098022356,0.7550669450927404,0.7463456577815993,0.7718953445522663,0.765262252794497,0.7532244196044712,0.7447488023584327,0.7742292101707406,0.7655079228595996,0.752733079474266,0.7456086475862916,0.7723866846824714,0.7650165827293944,0.7534700896695737,0.7448716373909839,0.772632354747574,0.7653850878270483,0.7538385947672276,0.7452401424886378
F1,0.7995937281787596,0.8006936861712377,0.7977141372816418,0.7935740873767387,0.800787951960348,0.8004877109670795,0.7978971962616823,0.7937814357567444,0.799084435401831,0.8010801080108011,0.797969939488581,0.7931192360520636,0.8000761614623,0.801749646211244,0.7963095315444091,0.7937753367333595,0.7996439244611178,0.8008744293705394,0.7981263418125041,0.7929388689114091,0.7994407727503813,0.8006939090208173,0.7976863586144148,0.7938501799149493
