,rf_n=100_cgini_mss2,rf_n=100_cgini_mss5,rf_n=100_cgini_mss10,rf_n=100_cgini_mss15,rf_n=100_centropy_mss2,rf_n=100_centropy_mss5,rf_n=100_centropy_mss10,rf_n=100_centropy_mss15,rf_n=200_cgini_mss2,rf_n=200_cgini_mss5,rf_n=200_cgini_mss10,rf_n=200_cgini_mss15,rf_n=200_centropy_mss2,rf_n=200_centropy_mss5,rf_n=200_centropy_mss10,rf_n=200_centropy_mss15,rf_n=300_cgini_mss2,rf_n=300_cgini_mss5,rf_n=300_cgini_mss10,rf_n=300_cgini_mss15,rf_n=300_centropy_mss2,rf_n=300_centropy_mss5,rf_n=300_centropy_mss10,rf_n=300_centropy_mss15
Accuracy,0.79379477400402,0.7945163119105293,0.7954440035046126,0.7949286192856775,0.7936916971602329,0.7944647734886358,0.7953924650827192,0.795083234551358,0.7947740040199969,0.7951347729732515,0.7958563108797608,0.7953409266608257,0.7947224655981033,0.7955470803483997,0.7958563108797608,0.7954440035046126,0.7944132350667422,0.7952893882389321,0.7960109261454414,0.7955986187702933,0.7944132350667422,0.7952893882389321,0.796062464567335,0.7953924650827192
Precision,0.7958833619210978,0.7980769230769231,0.8009232544720138,0.8005488157134605,0.7958249928510152,0.7980479402899383,0.8008945318135912,0.8010698279600983,0.7991655876852252,0.8006639722863741,0.8028985507246377,0.8032286212914486,0.799136690647482,0.8013283280392723,0.8030742459396751,0.8032858389066589,0.798877051540455,0.8011847998844097,0.8031598782432237,0.8037247199185218,0.798877051540455,0.8009239208892739,0.8036284470246734,0.8035220491922573
Recall,0.6839454612455472,0.6830856160176882,0.6819801007247267,0.6808745854317652,0.6836997911804447,0.682962780985137,0.6818572656921754,0.6806289153666626,0.6823486058223805,0.6813659255619703,0.6805060803341113,0.6784178847807395,0.6822257707898293,0.6817344306596241,0.6802604102690087,0.6786635548458421,0.6816115956270729,0.6811202554968677,0.6806289153666626,0.6785407198132908,0.6816115956270729,0.6814887605945216,0.6801375752364575,0.6781722147156369
F1,0.7356807821893374,0.736117545833609,0.7366814834472236,0.7358778625954199,0.7355137099438388,0.7360338893301562,0.7365976645435244,0.7359543100013283,0.7361516034985423,0.7362134182759307,0.736653148061964,0.7355663581274555,0.7360678550129216,0.7367093648370612,0.7365830950322537,0.7357347360010653,0.7356001855902433,0.7362900013278447,0.7368351063829788,0.735846543226322,0.7356001855902433,0.7363950092912133,0.736744062271306,0.735544897415401
