,rf_n=200_cgini_mss5,rf_n=200_cgini_mss10,rf_n=200_cgini_mss15,rf_n=200_centropy_mss5,rf_n=200_centropy_mss10,rf_n=200_centropy_mss15,rf_n=300_cgini_mss5,rf_n=300_cgini_mss10,rf_n=300_cgini_mss15,rf_n=300_centropy_mss5,rf_n=300_centropy_mss10,rf_n=300_centropy_mss15
Accuracy,0.8447582723430574,0.8450675188124935,0.8430058756829193,0.8447582723430574,0.8443974847953819,0.8431604989176373,0.8444490258736213,0.8444490258736213,0.843263581074116,0.843985156169467,0.8456344706731265,0.8436243686217916
Precision,0.8446922759190417,0.8551792546407821,0.8568967991962108,0.8463134596763038,0.8526093088857546,0.8568559954102123,0.8449441302248586,0.8540280334135636,0.8572043628013777,0.8448466427189831,0.8539025077486616,0.85755271840482
Recall,0.7650579872802095,0.7525876044394563,0.7444818555929668,0.7629380221972815,0.7538346427235316,0.7449806709065968,0.7638109489961342,0.7522134929542337,0.7448559670781894,0.7625639107120589,0.7558299039780522,0.745479486220227
F1,0.8029053788771103,0.8006102414433537,0.7967436273855599,0.8024658971668416,0.8001853200079424,0.7970115402574878,0.8023316740895992,0.7998939132741016,0.7970908120370989,0.8015992659107294,0.8018786796322023,0.7975983989326216
