,xgb_md10_n200_lr0.1_l0,xgb_md10_n200_lr0.1_l1,xgb_md10_n200_lr0.4_l0,xgb_md10_n200_lr0.4_l1,xgb_md10_n300_lr0.1_l0,xgb_md10_n300_lr0.1_l1,xgb_md10_n300_lr0.4_l0,xgb_md10_n300_lr0.4_l1
Accuracy,0.8420781362746108,0.8400680342232759,0.8379548500154623,0.8443974847953819,0.8453252242036904,0.8405319039274302,0.8390372126584889,0.8435212864653129
Precision,0.8485999718587308,0.8472732410285392,0.8212732305258995,0.8353903944191038,0.8472183780791586,0.8451296426068675,0.8214285714285714,0.8318902357799387
Recall,0.7520887891258262,0.7478488589599701,0.7770295548073326,0.7765307394937024,0.7634368375109116,0.7519640852974186,0.7801471505175209,0.778775408405038
F1,0.7974348803384901,0.794462475988607,0.7985390234525181,0.8048859303302526,0.8031485733027223,0.7958294839646297,0.8002558362647906,0.8044570398041994
